1-s2.0-S0003491624000496-main (1).pdf,On the emergent ‘‘Quantum’’ theory in complex adaptive systems
1-s2.0-S0003491624000496-main.pdf,On the emergent ‘‘Quantum’’ theory in complex adaptive systems
1-s2.0-S2405844023099127-main.pdf,Lotka-Volterra models for the market penetration of renewable energy
00723a.pdf,Operational Amplifier AC Specifications and Applications
978-0-8176-4648-6.pdf,Classical Mechanics. Theory and Mathematical Modeling
978-1-4614-3232-6.pdf,Hamiltonian Cycle Problem and Markov Chains
978-1-4614-6962-9.pdf,From Hamiltonian Chaos to Complex Systems
978-1-4615-5141-6.pdf,Physical Models of Semiconductor Quantum Devices
978-1-4757-2061-7.pdf,Critical Point Theory and Hamiltonian Systems
978-1-4757-2063-1.pdf,Mathetnatical Methods of Classical Mechanics
978-1-4842-1359-9.pdf,Robot Building for Beginners
978-1-4842-1919-5.pdf,Building Embedded Systems
978-1-4842-7098-1.pdf,Quantum Machine Learning: An Applied Approach
978-1-4842-8847-4.pdf,UNDERSTANDING SEMICONDUCTORS
978-3-030-18379-0.pdf,Quantum versus Classical Mechanics and Integrability Problems
978-3-030-22378-6.pdf,Introduction To Lagrangian Dynamics
978-3-030-31570-2.pdf,Unstable Systems
978-3-030-32538-1.pdf,Chaos. An Introduction for Applied Mathematicians
978-3-030-35562-3.pdf,Experimental Aerodynamics. An Introductory Guide
978-3-030-36420-5.pdf,Structure of Multielectron Atoms
978-3-030-45070-0.pdf,Classical Systems in Quantum Mechanics
978-3-030-46989-4.pdf,Electronic Circuit Design and Application
978-3-030-64206-8.pdf,Analog Circuit Simulators for Integrated Circuit Designers
978-3-030-66599-9.pdf,A Brief History of Computing
978-3-030-68582-9.pdf,Spin Waves
978-3-030-70049-2.pdf,Renewable Energy Crash Course
978-3-030-74338-3.pdf,Modeling Explosions and Blast Waves
978-3-030-78675-5.pdf,Nuclear Isomers
978-3-030-79375-3.pdf,Electronic Circuit Design and Application
978-3-030-85269-6.pdf,Geometric Approaches to Quantum Field Theory
978-3-030-87163-5.pdf,Lectures on the Mechanical Foundations of Thermodynamics
978-3-031-05125-8.pdf,Renewable Energy Based Solutions
978-3-031-05607-9.pdf,Spin
978-3-031-06031-1.pdf,The Learjet History
978-3-031-07381-6.pdf,nnovations in Green rbanization and Alternative enewable Energy
978-3-031-08732-5.pdf,Renewable Energy for Buildings
978-3-031-09548-1.pdf,Foundations of Quantum Mechanics
978-3-031-17635-7.pdf,Lectures on Quantum Mechanics
978-3-031-17724-8.pdf,The Physics of Renewable Energy
978-3-031-20487-6.pdf,A Primer on Fluid Mechanics with Applications
978-3-031-26967-7.pdf,Climate Change and Ocean Renewable Energy
978-3-031-31038-6 (1).pdf,
978-3-031-31038-6.pdf,Computational Modelling of Molecular Nanomagnets
978-3-031-37473-9.pdf,Renewable Energy in Cuba
978-3-031-39615-1.pdf,Complex Analysis
978-3-031-48546-6.pdf,The Matrix Perturbation Method in Quantum Mechanics
978-3-031-49125-2.pdf,Renewable Energy
978-3-031-51920-8.pdf,Introduction to Non-linear Mechanics
978-3-031-55202-1.pdf,Lagrangian and Hamiltonian Mechanics
978-3-031-59005-4.pdf,Renewable Energy Resources and Conservation
978-3-031-59656-8.pdf,Introductory Lectures on Higher-Spin Theories
978-3-031-60159-0.pdf,Molecular Properties via Induced Current Densities
978-3-031-61109-4.pdf,Advanced Computational Methods and Design for Greener Aviation
978-3-031-73191-4.pdf,Nanomagnets as Dynamical Systems
978-3-031-74244-6.pdf,Practical Implementation of Renewable Energy in Design of Buildings
978-3-319-02353-3.pdf,Nonlinear Systems and Complexity
978-3-319-11541-2.pdf,"Advances in Evolutionary and Deterministic Methods for Design, Optimization and Control in Engineering and Sciences"
978-3-319-18293-3.pdf,Anisotropic Nanomaterials
978-3-319-19914-6.pdf,Simulation Training: Fundamentals and Applications
978-3-319-26339-7.pdf,Inverse Problems in Ordinary Differential Equations and Applications
978-3-319-28428-6.pdf,Th e Birth of NASA
978-3-319-34166-8.pdf,Ensembles on Configuration Space
978-3-319-44491-8.pdf,Analytical Mechanics
978-3-319-45662-1.pdf,"Unified Lagrangian Formulation for Fluid  and Solid Mechanics,  Fluid-Structure Interaction  and Coupled Thermal  Problems Using the PFEM"
978-3-319-63694-8.pdf,Experiments on the Thermodynamics of Information Processing
978-3-319-71428-8.pdf,Geometrical Themes Inspired by the N-body Problem
978-3-319-77595-1.pdf,Classical Mechanics with Mathematica®
978-3-319-78512-7.pdf,A Mathematical Modeling Approach from Nonlinear Dynamics to Complex Systems
978-3-319-96341-9.pdf,"Thermoelectrics. Fundamentals, Materials Selection, Properties, and Performance"
978-3-0348-8566-9.pdf,Topics in Control Theory
978-3-642-05428-0.pdf,Quantum Signatures of Chaos
978-3-642-27305-6.pdf,Complex Hamiltonian Dynamics
978-3-642-97921-7.pdf,Classical and Quantum Dynamics
978-3-662-02630-4.pdf,Mechanics. From Newton's Laws to Deterministic Chaos
978-3-662-05041-5.pdf,Theoretical Surface Science
978-3-662-53783-1.pdf,Star Identification
978-81-322-2556-0.pdf,An Introduction to Dynamical Systems and Chaos
978-94-007-6413-2.pdf,Topological Modelling of Nanostructures and Extended Systems
978-94-007-7049-2.pdf,Unsteady Computational Fluid Dynamics in Aeronautics
978-94-009-3753-6.pdf,
978-94-010-9636-2.pdf,PHYSICS OF THE SUN
978-94-017-2442-5.pdf,NONLINEAR DYNAMICS AND CHAOTIC PHENOMENA
978-94-017-3517-9.pdf,THERMOELASTIC DEFORMATIONS
978-981-15-0267-5.pdf,Fundamentals of Electronic Devices and Circuits
978-981-16-4185-5.pdf,Operational Amplifier
978-981-19-4586-1.pdf,Aerodynamics
978-981-19-6176-2.pdf,Magnetic Resonators
978-981-99-0791-5.pdf,Fundamentals of Molecular Spectroscopy
978-981-99-7250-0.pdf,Energy and Sustainability
978-981-99-9710-7.pdf,Wind and Solar Energy Systems
2023-deep-learning-based-bioactive-therapeutic.pdf,Deep Learning-Based Bioactive Therapeutic Peptide Generation and Screening
2024.03.06.581108.full (1).pdf,
2024.03.06.581108.full.pdf,"DeepPrep: An accelerated, scalable, and robust pipeline for neuroimaging preprocessing empowered by deep learning"
725079.pdf,Coevolution of Patch Selection in Stochastic Environments
3686592.3686613.pdf,On Stability Properties in a Stochastic Controlled Lotka-Volterra Model
Analog and digital Electonics.pdf,ANALOG & DIGITAL ELECTRONICS LAB MANUAL
b97616.pdf,Fundamentals of Applied Dynamics
CHAOS_2023_DaSilvaCarboneKaniadakis_083102_1_5.0158723.pdf,Quantifying population dynamics via a geometric mean predator–prey model
chapter1.pdf,CHAPTER 1: THE OP AMP
CIRCULAR SADM-23-2024.pdf,inb
CIRCULAR-CSUNAM-003-2024.pdf,inb
datos de conexión.pdf,inb
declabmanual.pdf,DIGITAL ELECTRONICS LAB MANUAL
diagnostics-12-00641.pdf,Pediatric Exposures to Neurotoxicants: A Review of Magnetic Resonance Imaging and Spectroscopy Findings
Digital Circuit Projects_ An Overview of Digital Circuits Through.pdf,Digital Circuit Projects: An Overview of Digital Circuits Through Implementing Integrated Circuits
Documento sin título,
e7b81789ae20fd3cac8c1855359b3e10_22_op_amps1.pdf,Operational Amplifiers
EBSCO-Metadata-05_12_2024.pdf,NADA
lab08.pdf,Experiment 8. Transistor Characteristics
Libro Jornadas Académicas 2024.pdf,jornadas
M. en C. Leopoldo Gzlz 2025-1 (1).pdf,inb
M. en C. Leopoldo Gzlz 2025-1.pdf,inb
MITRES_6-010S13_comchaptrs.pdf,OPERATIONAL AMPLIFIERS: Theory and Practice
Operational Amplifier.pdf,Operational Amplifier Circuits
ORDEN DEL DIA 18 JUNIO 2024 Analisis INB.pdf,inb
pcbi.1010603.pdf,MetaLP: An integrative linear programming method for protein inference in metaproteomics
sboa092b.pdf,HANDBOOK OF OPERATIONAL AMPLIFIER APPLICATIONS
Skill-Building-Transistor-Projects-L-E-Garner.pdf,"transistores, experimentos"
WJR-8-226 (1).pdf,
WJR-8-226.pdf,Molecular imaging of movement disorders
ZhongNanDaXueXueBaoYiXueBan-47-8-1009.pdf,Artificial intelligence diagnosis based on breast ultrasound imaging